{"_runtime":35875.420650528,"_step":276,"_wandb":{"runtime":35899},"batch_loss":3.0654993057250977,"_timestamp":1.738760702416575e+09}